{
    "mse": 0.003867154318795691,
    "rmse": 0.06218644803167078,
    "mae": 0.027964461993185426,
    "r2": 0.9210458632985311
}