{
    "mse": 0.009702621348649642,
    "rmse": 0.09850188500048941,
    "mae": 0.03735758832583258,
    "r2": 0.763334096898726
}