{
    "mse": 0.005400197896540059,
    "rmse": 0.07348603878656176,
    "mae": 0.030451585800473826,
    "r2": 0.8814259461840638
}