{
    "mse": 0.003080334184001185,
    "rmse": 0.05550075840924325,
    "mae": 0.030794846338514707,
    "r2": 0.9371100540085051
}