{
    "mse": 0.003521150355545868,
    "rmse": 0.059339281724215945,
    "mae": 0.031001510855122868,
    "r2": 0.9281100872631398
}