co,pm25,pm10,no2,o3,so2,year,month,day,day_of_week,is_weekend,aqi_lag_1,aqi_lag_2,aqi_lag_3,aqi_lag_7,co_lag_1,co_lag_2,co_lag_3,co_lag_7,pm25_lag_1,pm25_lag_2,pm25_lag_3,pm25_lag_7,pm25_rolling_mean_7,aqi_rolling_mean_7,aqi
0.47194244604316543,0.5273196279215195,0.5662541775810677,0.5891192321309155,0.1873743795889905,0.555057096247961,2025,11,26,2,0,0.48616694253960746,0.4276931392088641,0.4533141007599213,0.6179285111173658,0.28009592326139093,0.23021582733812956,0.3055555555555555,0.5384615384615385,0.44766669272258264,0.4401625889158134,0.48233408895489716,0.6396321730207593,0.6314769542662928,0.6007915584715919,0.5922034928892342
