co,pm25,pm10,no2,o3,so2,year,month,day,day_of_week,is_weekend,aqi_lag_1,aqi_lag_2,aqi_lag_3,aqi_lag_7,co_lag_1,co_lag_2,co_lag_3,co_lag_7,pm25_lag_1,pm25_lag_2,pm25_lag_3,pm25_lag_7,pm25_rolling_mean_7,aqi_rolling_mean_7,aqi
0.3588100686498857,0.5313644029451688,0.558693444287914,0.5269222246842454,0.20925194857779122,0.5693800084352594,2025,11,25,1,0,0.547131883121545,0.6210424294637088,0.5781872324585893,0.5768844221105528,0.2782608695652175,0.5308924485125861,0.39183673469387753,0.3714285714285714,0.48336144132285797,0.6226399572210111,0.4980050183044712,0.5298013245033112,0.6323536000716876,0.6004612065759133,0.47034963026778664
