{
    "mse": 0.00465613279138958,
    "rmse": 0.06823586147612984,
    "mae": 0.034569428979286033,
    "r2": 0.8977636466741145
}